Year,Sample,CB,NV,WY,UT
2012,OZ1723,0.7274,0.2591,0.0089,0.0049
2012,SBFLE001,0.0555,0.9325,0.005,0.0069
2012,SBFLE007,0.0128,0.0593,0.9227,0.0055
2012,SBFLE009,0.0232,0.9563,0.0109,0.0091
2012,SBFLE010,0.0569,0.9242,0.0116,0.0074
2012,SBFLE011,0.0299,0.9391,0.0216,0.0098
2012,SBFLE012,0.0158,0.9537,0.0238,0.0069
2012,SBFLE016,0.009,0.965,0.0049,0.021
2012,SBFLE018,0.0242,0.5545,0.411,0.0105
2012,SBFLE025,0.0103,0.967,0.0115,0.0109
2012,SBFLE029,0.0161,0.961,0.0088,0.0138
2012,SBFLE032,0.0182,0.3343,0.0267,0.6204
2012,SBFLE035,0.0292,0.9316,0.0271,0.0121
2012,SBFLE037,0.0463,0.931,0.0039,0.0188
2012,SBFLE039,0.0895,0.881,0.0049,0.025
2012,SBFLE040,0.0871,0.6251,0.0088,0.279
2012,SBFLE041,0.0124,0.0365,0.0039,0.9472
2012,SBFLE042,0.0223,0.6783,0.282,0.0177
2012,SBFLE043,0.0319,0.4565,0.01,0.5018
2012,SBFLE045,0.0322,0.884,0.0059,0.0776
2012,SBFLE046,0.0218,0.1908,0.451,0.3361
2012,SBFLE049,0.0163,0.0519,0.0039,0.9282
2012,SBFN10,0.3562,0.6301,0.0059,0.0079
2012,SBFSE004,0.6759,0.3118,0.0068,0.0059
2012,SBFSE007,0.0194,0.9599,0.011,0.0092
2012,SBFSE025,0.0596,0.9148,0.0106,0.0147
2012,SBFSE028,0.3572,0.1143,0.5099,0.0186
2012,SBFSE029,0.8001,0.1911,0.0049,0.0039
2012,SBFSE031,0.2951,0.6773,0.0081,0.0192
2012,SBFSE039/014,0.323,0.648,0.0088,0.0202
2012,SBFSE045,0.0784,0.9012,0.0081,0.0121
2012,SBFSE047,0.009,0.3516,0.6282,0.0109
2012,SBFSE048,0.013,0.9667,0.0134,0.0069
2012,SBFSE062/024,0.7913,0.1954,0.0068,0.0069
2012,SBFSE064,0.6028,0.3813,0.0087,0.0079
2012,SBFSE068,0.2053,0.7788,0.0074,0.0088
2012,SBFSE069,0.3259,0.2418,0.0149,0.417
2012,SBFSE070,0.038,0.943,0.0078,0.0111
2012,SBFSE071,0.3428,0.2428,0.3985,0.0163
2012,SBFSE080/055,0.0137,0.9469,0.0198,0.0198
2012,SBFSE081,0.0494,0.9348,0.0058,0.01
2012,SW001,0.6106,0.3724,0.011,0.0059
2012,SW002,0.535,0.4416,0.0181,0.005
2012,SW003,0.5362,0.4388,0.0186,0.0061
2012,SW004,0.4363,0.5486,0.0078,0.0069
2013,DE230,0.2499,0.6229,0.1204,0.0067
2013,DE244,0.0501,0.4868,0.459,0.0042
2013,DE279,0.0496,0.4393,0.5062,0.0049
2013,DE283,0.1066,0.2502,0.6389,0.0042
2013,DE324,0.3151,0.2801,0.4018,0.003
2013,DE328,0.2314,0.6561,0.1056,0.0068
2013,SBFLE037,0.0941,0.8624,0.031,0.0126
2013,SBFLE064/249A,0.0587,0.5483,0.3816,0.0113
2013,SBFLE205,0.3268,0.6127,0.0549,0.0058
2013,SBFLE206,0.1702,0.7312,0.0938,0.0047
2013,SBFLE234,0.0466,0.5031,0.4456,0.0047
2013,SBFLE239,0.0803,0.8405,0.0679,0.0114
2013,SBFLE251,0.0696,0.5048,0.4091,0.0163
2013,SBFLE252,0.139,0.5097,0.347,0.0042
2013,SBFSE029,0.7297,0.2338,0.0337,0.003
2013,SBFSE039/014,0.3118,0.6204,0.0561,0.0116
2013,SBFSE212,0.0949,0.7851,0.1114,0.0085
2013,SBFSE231,0.2047,0.5559,0.2353,0.0042
2013,SBFSE257,0.0678,0.7735,0.1521,0.0065
2013,SBFSE281,0.0527,0.7936,0.1481,0.0052
2013,SBFSE287,0.0372,0.6547,0.3017,0.0066
2013,SBFSE291,0.3781,0.5359,0.0392,0.0466
2013,SBFSE309,0.0523,0.8167,0.1127,0.0183
2013,SBFSE315,0.0529,0.7663,0.1748,0.0063
2013,SBFSE322,0.372,0.4363,0.1346,0.0575
2013,SBFSE323,0.2834,0.6588,0.0525,0.0054
2013,SBFSE324,0.3341,0.5921,0.0696,0.0042
2013,SBFSE325,0.3089,0.5243,0.16,0.0069
2013,SBFSE326,0.0326,0.8524,0.1055,0.0096
2013,SBFSE327,0.0632,0.7359,0.1932,0.0079
2013,SBFSE328,0.4412,0.458,0.0924,0.0083
2013,SBFSE339,0.0428,0.6656,0.2003,0.0908
2013,SBFSE343,0.3284,0.5903,0.0751,0.0059
2013,SBFSE344A,0.1272,0.4633,0.4029,0.0066
2013,SBFSE345,0.3072,0.5021,0.1156,0.0753
2013,SBFSE347,0.4247,0.4997,0.0634,0.0123
2013,SBFSE349A,0.3802,0.2109,0.4035,0.0057
2013,SW101RussellWilson,0.1141,0.8267,0.0554,0.0038
2013,SW102MarshawnLynch,0.076,0.6298,0.2287,0.0655
2013,SW103Taima,0.1344,0.8036,0.0446,0.0178
2013,SW104RichardSherman,0.4037,0.3295,0.2628,0.0037
2013,SW105Seahawk,0.0775,0.8635,0.0362,0.0228
2013,SW106Seattle,0.3514,0.5701,0.0751,0.0035
2013,SW107GoldenTate,0.1025,0.8197,0.0697,0.008
2014,BE0401,0.547777778,0.321777778,0.123555556,0.007
2014,BE0419,0.430888889,0.532777778,0.026888889,0.009888889
2014,BE0442,0.381777778,0.084777778,0.527111111,0.006111111
2014,BE0443,0.325111111,0.605444444,0.045777778,0.023777778
2014,BE0464,0.186666667,0.407222222,0.394777778,0.011222222
2014,BE0473,0.362777778,0.498666667,0.122444444,0.016
2014,BE0480,0.285777778,0.635333333,0.066111111,0.012666667
2014,BE0483,0.384,0.284888889,0.303888889,0.027333333
2014,BE0493,0.441333333,0.450111111,0.102,0.006777778
2014,BE0495,0.308111111,0.434444444,0.235,0.022333333
2014,BE0496,0.346777778,0.611333333,0.026333333,0.015111111
2014,BE0506,0.048888889,0.829777778,0.064555556,0.056888889
2014,BE0512,0.114888889,0.824,0.041222222,0.019888889
2014,Buddy,0.021888889,0.846777778,0.119777778,0.011777778
2014,DE201,0.034555556,0.494444444,0.463666667,0.007333333
2014,DE345,0.017,0.168444444,0.503444444,0.311333333
2014,DE412,0.054333333,0.303777778,0.623444444,0.018444444
2014,DE415,0.170555556,0.459888889,0.314888889,0.054666667
2014,DE419,0.015333333,0.409,0.539666667,0.035777778
2014,DE424,0.031333333,0.627333333,0.329555556,0.012
2014,DE456,0.016444444,0.116666667,0.598888889,0.267888889
2014,DE467,0.016666667,0.237111111,0.738444444,0.008111111
2014,DE471,0.022,0.058444444,0.915333333,0.004
2014,DE486,0.051333333,0.589555556,0.218777778,0.14
2014,DE514,0.471888889,0.482666667,0.033777778,0.012
2014,DE521,0.200111111,0.385111111,0.311,0.103777778
2014,DE544,0.459,0.106111111,0.428333333,0.007
2014,DE574,0.173333333,0.512777778,0.252666667,0.060888889
2014,DE575,0.091666667,0.533111111,0.366222222,0.009111111
2014,DE577,0.038222222,0.112,0.629777778,0.220111111
2014,DE582,0.485777778,0.470666667,0.016888889,0.027
2014,DE589,0.190444444,0.548,0.236333333,0.025
2014,DE593,0.571333333,0.352888889,0.054222222,0.021666667
2014,DE604,0.087888889,0.433222222,0.467555556,0.011333333
2014,DE614,0.029,0.167666667,0.524,0.279555556
2014,DE617,0.031333333,0.239888889,0.722555556,0.006111111
2014,DE622A,0.019333333,0.074222222,0.901111111,0.005
2014,DE628,0.244666667,0.291555556,0.459666667,0.004
2014,SBFLE065,0.040555556,0.903,0.027444444,0.029
2014,SBFLE202,0.199555556,0.755888889,0.029444444,0.015333333
2014,SBFLE219,0.402222222,0.547777778,0.034,0.015666667
2014,SBFLE223,0.072666667,0.436777778,0.482777778,0.008111111
2014,SBFLE243,0.279666667,0.684555556,0.026,0.01
2014,SBFLE275,0.027666667,0.444555556,0.514222222,0.013777778
2014,SBFLE285,0.421333333,0.538666667,0.026,0.013666667
2014,SBFLE304,0.033444444,0.915777778,0.037888889,0.013222222
2014,SBFLE305,0.390222222,0.574333333,0.021,0.014555556
2014,SBFLE307,0.350111111,0.604222222,0.028111111,0.017333333
2014,SBFLE404,0.039888889,0.742333333,0.193555556,0.024333333
2014,SBFLE408,0.110777778,0.494222222,0.387666667,0.007222222
2014,SBFLE416,0.038888889,0.859777778,0.090111111,0.011444444
2014,SBFLE421,0.168111111,0.333333333,0.492333333,0.006111111
2014,SBFLE464,0.519111111,0.435777778,0.031222222,0.013666667
2014,SBFLE522,0.101222222,0.434555556,0.449888889,0.014444444
2014,SBFLE523,0.033777778,0.711777778,0.244,0.010111111
2014,SBFLE530,0.119777778,0.850444444,0.019777778,0.010111111
2014,SBFLE531,0.200555556,0.721111111,0.022,0.056888889
2014,SBFLE559,0.262777778,0.433555556,0.294444444,0.009111111
2014,SBFLE567,0.072555556,0.897222222,0.021888889,0.008444444
2014,SBFLE571,0.040333333,0.903666667,0.021666667,0.034444444
2014,SBFLE593,0.322777778,0.639444444,0.018,0.019444444
2014,SBFLE606,0.140333333,0.431333333,0.422444444,0.005888889
2014,SBFLE615,0.205888889,0.464333333,0.314777778,0.015
2014,SBFLE632,0.386777778,0.542777778,0.019,0.051111111
2014,SBFLE638,0.370555556,0.494666667,0.112777778,0.021777778
2014,SBFLE643,0.260555556,0.681555556,0.034555556,0.023333333
2014,SBFLE649A,0.530444444,0.435666667,0.027,0.006666667
2014,SBFLE651,0.115222222,0.841111111,0.033,0.010333333
2014,SBFLE654,0.049,0.122888889,0.821777778,0.006111111
2014,SBFLE656,0.309333333,0.644777778,0.030888889,0.015444444
2014,SBFLE664,0.117111111,0.825888889,0.050777778,0.006111111
2014,SBFLE665,0.384888889,0.570555556,0.028,0.016333333
2014,SBFLE671A,0.034111111,0.923666667,0.022,0.019777778
2014,SBFLE672,0.285,0.676222222,0.030888889,0.008111111
2014,SBFSE023,0.494555556,0.082333333,0.017888889,0.405777778
2014,SBFSE229,0.232,0.470222222,0.286555556,0.011222222
2014,SBFSE235,0.105444444,0.701333333,0.029111111,0.164111111
2014,SBFSE322,0.397333333,0.372777778,0.114555556,0.115111111
2014,SBFSE352,0.070333333,0.877888889,0.041111111,0.010333333
2014,SBFSE357,0.040888889,0.860666667,0.089777778,0.008666667
2014,SBFSE372A,0.118222222,0.834222222,0.038333333,0.009111111
2014,SBFSE378A,0.062444444,0.439222222,0.491666667,0.006555556
2014,SBFSE491,0.062444444,0.9,0.024555556,0.013
2014,SBFSE493,0.049555556,0.902888889,0.021888889,0.025777778
2014,SBFSE523,0.047444444,0.900666667,0.039444444,0.012444444
2014,SBFSE540,0.053111111,0.880555556,0.059,0.007222222
2014,SBFSE572,0.115111111,0.846222222,0.024222222,0.014333333
2014,SW201Kesha,0.225333333,0.367555556,0.400777778,0.006111111
2014,SW202Sage,0.066222222,0.439555556,0.489222222,0.005
2014,SW203Benjam,0.073111111,0.450333333,0.472444444,0.004
2014,Taggart,0.016111111,0.053,0.926888889,0.004
2015,WA00019,0.1858,0.69,0.0865,0.0381
2015,WA00020,0.2962,0.4061,0.2941,0.0037
2015,WA00033,0.1462,0.4038,0.4466,0.0036
2015,WA00021,0.0899,0.5674,0.3356,0.0072
2015,WA00022,0.3683,0.5598,0.066,0.0061
2015,WA00023,0.1418,0.4423,0.4071,0.0088
2015,WA00024,0.0694,0.583,0.3414,0.0057
2015,WA00025,0.4563,0.4667,0.0705,0.0066
2015,WA00026,0.2277,0.5947,0.1663,0.0114
2015,WA00027,0.2468,0.6731,0.0749,0.005
2015,WA00028,0.1131,0.8121,0.0646,0.0101
2015,WA00029,0.1892,0.4762,0.3305,0.004
2015,WA00030,0.085,0.607,0.2891,0.0187
2015,WA00031,0.2323,0.3821,0.3797,0.0058
2015,WA00032,0.2193,0.4319,0.3449,0.004
2015,SBFLE464,0.519111111,0.435777778,0.031222222,0.013666667
2015,WA00034,0.0851,0.6072,0.289,0.0186
2015,BE1102,0.2168,0.6586,0.1212,0.0034
2016,WA00036,0.2376,0.6129,0.1463,0.0032
2016,WA00038,0.3383,0.5287,0.1289,0.0043
2016,WA00039,0.2445,0.6044,0.1473,0.0037
2016,WA00040,0.2419,0.543,0.2132,0.002
2016,WA00041,0.1714,0.5296,0.2964,0.0027
2016,WA00045,0.2631,0.4884,0.2458,0.0026
2016,WA00046,0.212,0.6191,0.1665,0.0023
2016,WA00048,0.2152,0.6718,0.1097,0.003
2016,WA00049,0.2751,0.5512,0.1696,0.0043
2016,WA00052,0.2133,0.6423,0.1393,0.0052
2016,WA00053,0.2316,0.6176,0.1476,0.0032
2016,WA00054,0.1697,0.4758,0.3518,0.0027
2016,WA00055,0.2078,0.6074,0.1824,0.0027
2016,WA00056,0.2387,0.626,0.1328,0.0022
2016,WA00057,0.2348,0.521,0.2425,0.0021
2016,WA00059,0.175,0.5363,0.2861,0.0024
2016,WA00060,0.2629,0.5633,0.1704,0.0035
2016,WA00061,0.2531,0.6414,0.1025,0.0027
2016,WA00068,0.2425,0.6192,0.1356,0.0027
2016,WA00072,0.1897,0.5545,0.2513,0.0045
2016,WA00074,0.2506,0.4337,0.3133,0.0026
2016,WA00076,0.2554,0.4573,0.2853,0.0019
2016,WA00078,0.2168,0.6696,0.1096,0.004
2016,WA00081,0.2058,0.584,0.2081,0.0023
2016,WA00089,0.1634,0.6453,0.1874,0.0035
2016,WA00034,0.2151,0.5746,0.2077,0.0024
2016,WA00035,0.1867,0.6561,0.1548,0.0023
2016,WA00037,0.1681,0.7119,0.1167,0.0027
2016,WA00043,0.1831,0.6841,0.1304,0.0023
2016,WA00044,0.1654,0.6526,0.1795,0.0027
2016,WA00047,0.1601,0.5535,0.2665,0.0202
2016,WA00050,0.2161,0.6576,0.1241,0.0023
2016,WA00051,0.1967,0.6015,0.1989,0.0027
2016,WA00058,0.2424,0.5548,0.1998,0.0031
2016,WA00062,0.193,0.5184,0.2866,0.0021
2016,WA00063,0.2195,0.4789,0.2988,0.0024
2016,WA00064,0.2168,0.6091,0.1709,0.0033
2016,WA00065,0.1812,0.6223,0.1942,0.0023
2016,WA00066,0.3057,0.4895,0.2021,0.0025
2016,WA00067,0.2103,0.6201,0.1661,0.0035
2016,WA00069,0.185,0.621,0.1911,0.003
2016,WA00070,0.1724,0.5871,0.2377,0.003
2016,WA00073,0.1633,0.5897,0.2449,0.0022
2016,WA00075,0.2567,0.5664,0.1749,0.0023
2016,WA00079,0.2105,0.6314,0.155,0.003
2016,WA00080,0.2687,0.5429,0.1862,0.0023
2016,WA00082,0.1931,0.5406,0.2643,0.0021
2016,WA00083,0.1757,0.6827,0.1386,0.0033
2016,WA00084,0.1872,0.5484,0.2614,0.0027
2016,WA00085,0.2719,0.5246,0.1998,0.0036
2016,WA00086,0.2478,0.5361,0.2137,0.0023
2016,WA00087,0.2608,0.5682,0.1658,0.0051
2016,WA00088,0.2034,0.5027,0.2923,0.0015
2016,WA00090,0.1835,0.6466,0.1675,0.0023
2016,BE1259,0.2271,0.6119,0.157,0.0041
2016,BE1273,0.2704,0.5551,0.1722,0.0024
2016,LE1012,0.1461,0.5713,0.2805,0.0023
2016,LE1016,0.2427,0.6003,0.1531,0.0039
2016,LE1046,0.1989,0.5528,0.246,0.0021
2016,WA020,0.2962,0.4061,0.2941,0.0037
2017,WA00242,0.1595,0.6419,0.1936,0.0051
2017,WA00243,0.1707,0.6375,0.1879,0.0037
2017,WA00245,0.1863,0.5756,0.2347,0.0036
2017,WA00244,0.1886,0.5958,0.2123,0.0036
2017,WA00197,0.2052,0.6304,0.1604,0.0039
2017,WA00246,0.1624,0.6912,0.14,0.006
2017,WA00198,0.1422,0.6324,0.2161,0.0088
2017,WA00241,0.1532,0.6472,0.1956,0.0039
2017,WA00202,0.1299,0.6676,0.1969,0.0055
2017,WA00094,0.1439,0.6432,0.2083,0.0046
2017,WA00201,0.1558,0.6827,0.1576,0.0039
2017,WA00203,0.1358,0.7066,0.1523,0.0055
2017,WA00095,0.1809,0.6351,0.18,0.0039
2017,WA00205,0.1965,0.6066,0.1922,0.0046
2017,WA00206,0.1965,0.6322,0.168,0.0036
2017,WA00096,0.1931,0.6032,0.1999,0.0038
2017,WA00204,0.1865,0.6818,0.1262,0.0055
2017,WA00207,0.1716,0.6219,0.2012,0.0055
2017,WA00214,0.1452,0.6371,0.2129,0.0046
2017,WA00215,0.1226,0.6667,0.2048,0.006
2017,WA00097,0.1363,0.6606,0.1999,0.0034
2017,WA00213,0.1736,0.6487,0.1729,0.0046
2017,WA00098,0.1333,0.6277,0.2342,0.005
2017,WA00099,0.1226,0.646,0.2237,0.0079
2017,WA00210,0.1527,0.6698,0.1729,0.0045
2017,WA00100,0.1375,0.7231,0.1282,0.011
2017,WA00101,0.1519,0.6775,0.1673,0.0036
2017,WA00102,0.1314,0.6303,0.2338,0.0045
2017,WA00103,0.1529,0.6147,0.2286,0.0037
2017,WA00104,0.1567,0.7084,0.1311,0.0038
2017,WA00105,0.143,0.6904,0.1617,0.005
2017,WA00208,0.0977,0.676,0.222,0.0041
2017,WA00106,0.1602,0.6355,0.2011,0.0032
2017,WA00107,0.1691,0.6724,0.1536,0.0051
2017,WA00108,0.1928,0.6535,0.1498,0.0039
2017,WA00109,0.1198,0.6534,0.2229,0.0038
2017,WA00110,0.1567,0.7082,0.1309,0.0044
2017,WA00111,0.1189,0.7293,0.1452,0.0069
2017,WA00189,0.1835,0.6474,0.1649,0.0043
2017,WA00112,0.1866,0.6334,0.1756,0.0046
2017,WA00113,0.171,0.6118,0.2115,0.0058
2017,WA00114,0.138,0.6404,0.2161,0.0055
2017,WA00115,0.1746,0.6609,0.1598,0.0046
2017,WA00116,0.128,0.6854,0.1832,0.0036
2017,WA00117,0.1237,0.7151,0.155,0.006
2017,WA00209,0.1558,0.698,0.1421,0.0041
2017,WA00211,0.1764,0.6718,0.1465,0.0053
2017,WA00212,0.1211,0.6478,0.2271,0.0039
2017,WA00118,0.1591,0.6125,0.2237,0.0046
2017,WA00190,0.1618,0.6121,0.2217,0.0044
2017,WA00119,0.1597,0.5993,0.2363,0.0046
2017,WA00120,0.1508,0.6421,0.2019,0.0054
2017,WA00121,0.1824,0.6648,0.148,0.0046
2017,WA00122,0.1623,0.6523,0.1799,0.0055
2017,WA00123,0.149,0.6644,0.1795,0.007
2017,WA00124,0.1202,0.696,0.1798,0.0043
2017,WA00125,0.1192,0.7121,0.1633,0.0054
2017,WA00126,0.1338,0.6965,0.1635,0.006
2017,WA00127,0.1293,0.705,0.1613,0.0044
2017,WA00128,0.1476,0.6694,0.1804,0.0028
2017,WA00129,0.1421,0.6965,0.1561,0.0054
2017,WA00221,0.1122,0.6782,0.2055,0.0043
2017,WA00130,0.1509,0.5942,0.251,0.0038
2017,WA00131,0.1526,0.662,0.1809,0.0046
2017,WA00132,0.1435,0.571,0.2816,0.0039
2017,WA00133,0.1271,0.6882,0.1796,0.0046
2017,WA00134,0.1173,0.7006,0.1779,0.0042
2017,WA00218,0.1198,0.6731,0.2036,0.0037
2017,WA00135,0.1526,0.6167,0.2258,0.0046
2017,WA00136,0.151,0.6566,0.1879,0.0046
2017,WA00151,0.1111,0.7136,0.1714,0.0039
2017,WA00152,0.1371,0.6416,0.2161,0.0051
2017,WA00220,0.1157,0.7041,0.1756,0.0046
2017,WA00153,0.1364,0.6722,0.1825,0.0089
2017,WA00154,0.1224,0.6655,0.2077,0.0043
2017,WA00155,0.1086,0.6428,0.2438,0.0046
2017,WA00219,0.1179,0.6723,0.2041,0.0058
2017,WA00156,0.1359,0.6531,0.2062,0.0046
2017,WA00157,0.1172,0.6337,0.2455,0.0036
2017,WA00158,0.1496,0.6862,0.1578,0.0065
2017,WA00159,0.1718,0.6575,0.1662,0.0044
2017,WA00160,0.1128,0.7026,0.1811,0.0036
2017,WA00161,0.1467,0.6476,0.201,0.0046
2017,WA00162,0.1285,0.6409,0.2259,0.0046
2017,WA00222,0.1477,0.7008,0.148,0.0037
2017,WA00163,0.1724,0.6493,0.1745,0.0039
2017,WA00164,0.1093,0.6681,0.2188,0.0038
2017,WA00165,0.131,0.6925,0.1709,0.0055
2017,WA00225,0.1196,0.6589,0.2154,0.006
2017,WA00224,0.1661,0.6642,0.1624,0.0071
2017,WA00191,0.133,0.6985,0.1632,0.0055
2017,WA00166,0.177,0.6645,0.1547,0.0038
2017,WA00167,0.2179,0.5782,0.1995,0.0045
2017,WA00168,0.123,0.662,0.211,0.004
2017,WA00169,0.1875,0.6624,0.1463,0.0039
2017,WA00170,0.1572,0.6694,0.1684,0.0047
2017,WA00171,0.1482,0.7175,0.1292,0.0048
2017,WA00172,0.1477,0.6494,0.1991,0.0039
2017,WA00173,0.153,0.5895,0.2525,0.0049
2017,WA00174,0.1742,0.6832,0.1362,0.0062
2017,WA00175,0.1411,0.6613,0.1921,0.0055
2017,WA00176,0.1219,0.6588,0.2145,0.0047
2017,WA00216,0.1507,0.6626,0.1815,0.0048
2017,WA00223,0.1592,0.6004,0.2363,0.0039
2017,WA00194,0.1722,0.5811,0.2424,0.0043
2017,WA00195,0.1588,0.6501,0.1867,0.0045
2017,WA00196,0.1807,0.6886,0.1267,0.0039
2017,WA00137,0.158,0.6717,0.1662,0.0039
2017,WA00138,0.1815,0.6616,0.1511,0.0059
2017,WA00217,0.1514,0.6302,0.2153,0.0034
2017,WA00139,0.0865,0.5803,0.3299,0.0036
2017,WA00140,0.2204,0.6364,0.138,0.0051
2017,WA00234,0.1785,0.6334,0.1845,0.0036
2017,WA00141,0.17,0.6138,0.211,0.0054
2017,WA00142,0.1228,0.6262,0.2445,0.0064
2017,WA00092,0.1671,0.5953,0.2336,0.0038
2017,WA00143,0.1609,0.6496,0.1831,0.0063
2017,WA00144,0.1292,0.6001,0.2654,0.0054
2017,WA00145,0.1713,0.6489,0.1759,0.0039
2017,WA00146,0.2033,0.6624,0.1295,0.0047
2017,WA00233,0.1248,0.6642,0.2058,0.0054
2017,WA00226,0.1782,0.6601,0.1573,0.0046
2017,WA00228,0.1781,0.622,0.1952,0.0046
2017,WA00227,0.162,0.6268,0.207,0.0043
2017,WA00147,0.139,0.6947,0.162,0.0043
2017,WA00093,0.1347,0.6771,0.1846,0.0037
2017,WA00230,0.1163,0.6656,0.2139,0.0042
2017,WA00148,0.1569,0.6749,0.1637,0.0044
2017,WA00149,0.1583,0.6777,0.1589,0.0052
2017,WA00150,0.134,0.6727,0.1895,0.0036
2017,WA00177,0.1455,0.6883,0.1595,0.0066
2017,WA00178,0.1924,0.6305,0.1734,0.0039
2017,WA00179,0.1603,0.6933,0.1416,0.0047
2017,WA00232,0.1392,0.6663,0.1897,0.0047
2017,WA00231,0.1252,0.6991,0.1703,0.0046
2017,WA00180,0.1373,0.6945,0.1649,0.0032
2017,WA00181,0.149,0.6981,0.1493,0.0038
2017,WA00235,0.1603,0.6534,0.1827,0.0037
2017,WA00229,0.1868,0.6077,0.2018,0.0037
2017,WA00182,0.1694,0.6545,0.1719,0.0043
2017,WA00183,0.1451,0.643,0.2077,0.0043
2017,WA00184,0.1938,0.6195,0.1822,0.0045
2017,WA00185,0.1273,0.6985,0.1682,0.0059
2017,WA00186,0.2067,0.6491,0.1395,0.0046
2017,WA00187,0.1418,0.6121,0.2428,0.0036
2017,WA00188,0.2395,0.5847,0.1714,0.0046
2017,WA00238,0.1078,0.748,0.1399,0.0044
2017,WA00240,0.1073,0.6676,0.2207,0.0044
2017,WA00239,0.1624,0.6671,0.1646,0.006
2017,WA00192,0.1204,0.7467,0.1292,0.0037
2017,WA00237,0.1595,0.6036,0.2333,0.0039
2017,WA00199,0.1674,0.6944,0.1327,0.0055
2017,WA00200,0.1616,0.6505,0.1813,0.0067
2017,WA00193,0.1463,0.6255,0.2247,0.0036
2017,WA00236,0.1549,0.6072,0.2319,0.0057
2017,WA00223,0.1641,0.6448,0.1875,0.0035
2017,WA0060,0.2629,0.5633,0.1704,0.0035
2017,WA0070,0.1724,0.5871,0.2377,0.003
2018,WA00319,0.1203,0.6516,0.2198,0.0084
2018,WA00320,0.17,0.6467,0.1753,0.0079
2018,WA00321,0.2464,0.6363,0.1098,0.0074
2018,WA00322,0.1986,0.5555,0.2395,0.0064
2018,WA00323,0.2688,0.5966,0.1285,0.006
2018,WA00324,0.1351,0.5608,0.2929,0.0113
2018,WA00325,0.1343,0.6921,0.1637,0.0099
2018,WA00326,0.2237,0.6192,0.149,0.0079
2018,WA00327,0.1283,0.7147,0.1466,0.0103
2018,WA00328,0.1909,0.6815,0.1206,0.0067
2018,WA00329,0.1472,0.6984,0.1467,0.0079
2018,WA00330,0.2583,0.5653,0.1698,0.0067
2018,WA00331,0.2144,0.633,0.145,0.0077
2018,WA00332,0.1685,0.6475,0.175,0.0091
2018,WA00333,0.1544,0.6334,0.1976,0.0146
2018,WA00334,0.1581,0.6794,0.1546,0.0077
2018,WA00335,0.2198,0.6622,0.1105,0.0073
2018,WA00336,0.1763,0.599,0.2171,0.0075
2018,WA00337,0.1449,0.5599,0.2871,0.0079
2018,WA00338,0.2016,0.618,0.1722,0.0079
2018,WA00339,0.1546,0.6877,0.1505,0.0073
2018,WA00340,0.2746,0.6182,0.0994,0.0077
2018,WA00341,0.1731,0.6479,0.1693,0.0097
2018,WA00342,0.1559,0.6097,0.2269,0.0079
2018,WA00343,0.214,0.644,0.133,0.0089
2018,WA00344,0.1386,0.595,0.2521,0.0142
2018,WA00345,0.2202,0.632,0.1357,0.0118
2018,WA00346,0.1405,0.7144,0.1344,0.0103
2018,WA00347,0.1618,0.6628,0.1641,0.0113
2018,WA00348,0.176,0.6848,0.1249,0.0143
2018,WA00349,0.1597,0.6839,0.1499,0.0067
2018,WA00350,0.1923,0.6676,0.1322,0.008
2018,WA00351,0.2222,0.6458,0.1237,0.0084
2018,WA00352,0.162,0.6833,0.1429,0.0119
2018,WA00353,0.1731,0.6034,0.2176,0.0058
2018,WA00354,0.1694,0.6636,0.1604,0.0067
2018,WA00355,0.1239,0.6663,0.2002,0.0094
2018,WA00356,0.1664,0.6717,0.156,0.0058
2018,WA00357,0.1359,0.7173,0.1383,0.0084
2018,WA00358,0.1248,0.6519,0.2126,0.0107
2018,WA00359,0.1617,0.7034,0.1268,0.0081
2018,WA00360,0.2139,0.6191,0.1552,0.0119
2018,WA00361,0.1598,0.6495,0.1762,0.0146
2018,WA00362,0.1747,0.6426,0.1743,0.0088
2018,WA00363,0.1559,0.6544,0.1797,0.0098
2018,WA00364,0.172,0.5943,0.2281,0.0056
2018,WA00365,0.1943,0.6314,0.1651,0.0092
2018,WA00366,0.2161,0.6133,0.165,0.0057
2018,WA00367,0.2169,0.6621,0.1146,0.0065
2018,WA00368,0.151,0.6508,0.1885,0.0095
2018,WA00369,0.1972,0.6214,0.1732,0.0079
2018,WA00370,0.1668,0.6154,0.2101,0.0079
2018,WA00371,0.2441,0.6106,0.1371,0.008
2018,WA00372,0.1309,0.6843,0.1742,0.0103
2018,WA00373,0.2787,0.5486,0.1654,0.0073
2018,WA00374,0.124,0.6879,0.1787,0.0095
2018,WA00375,0.1334,0.7207,0.1364,0.0098
2018,WA00376,0.2637,0.5718,0.1586,0.0058
2018,WA00377,0.1289,0.6581,0.2038,0.0088
2018,WA00378,0.1497,0.6839,0.1574,0.0089
2018,WA00379,0.1662,0.6834,0.1436,0.0068
2018,WA00380,0.1726,0.6388,0.1814,0.0071
2018,WA00381,0.1988,0.6673,0.1253,0.0084
2018,WA00382,0.1441,0.667,0.1815,0.0076
2018,WA00383,0.2215,0.6592,0.1116,0.0077
2018,WA00384,0.1853,0.595,0.2132,0.0064
2018,WA00385,0.1226,0.7174,0.1428,0.0169
2018,WA00386,0.1966,0.6571,0.1397,0.0067
2018,WA00387,0.166,0.695,0.1318,0.0071
2018,WA00388,0.1924,0.5961,0.2018,0.0097
2018,WA00389,0.159,0.6437,0.1887,0.0088
2018,WA00390,0.1559,0.7177,0.1169,0.0093
2018,WA00391,0.1481,0.6705,0.1731,0.0079
2018,WA00392,0.1409,0.7327,0.1197,0.0068
2018,WA00393,0.1925,0.668,0.1308,0.0088
2018,WA00394,0.1842,0.6545,0.1556,0.0058
2018,WA00395,0.1707,0.6856,0.1372,0.0067
2018,WA00396,0.1738,0.6999,0.1167,0.0097
2018,WA00397,0.2042,0.67,0.1147,0.0112
2018,WA00398,0.1842,0.5807,0.228,0.0073
2018,WA00399,0.1882,0.6772,0.1272,0.0077
2018,WA00400,0.1569,0.6905,0.1458,0.0071
2018,WA00401,0.1523,0.7045,0.122,0.0211
2018,WA00402,0.1756,0.6174,0.1995,0.0073
2018,WA00403,0.234,0.6439,0.1064,0.0155
2018,WA00404,0.1431,0.5765,0.2744,0.0063
2018,WA00405,0.1759,0.6405,0.1724,0.0112
2018,WA00406,0.1371,0.6558,0.1944,0.0128
2018,WA00407,0.2385,0.5523,0.2026,0.0067
2018,WA00408,0.1731,0.6171,0.1976,0.012
2018,WA00409,0.146,0.6158,0.2296,0.0088
2018,WA00410,0.1555,0.6347,0.1987,0.0112
2018,WA00411,0.1392,0.7057,0.1476,0.0075
2018,WA00412,0.1784,0.6055,0.2076,0.0087
2018,WA00413,0.2183,0.6637,0.1052,0.0128
2018,WA00414,0.1722,0.6744,0.1394,0.014
2018,WA00415,0.2116,0.6326,0.1302,0.0258
2018,WA00416,0.1119,0.6658,0.2104,0.0118
2018,WA00417,0.2356,0.6211,0.1335,0.0095
2018,WA00418,0.189,0.6482,0.1539,0.0089
2018,WA00419,0.195,0.683,0.1122,0.0097
2018,WA00420,0.179,0.6459,0.1645,0.0106
2018,WA00421,0.2502,0.6146,0.1278,0.0073
2018,WA00422,0.2701,0.5896,0.1324,0.0077
2018,WA00423,0.1615,0.611,0.2022,0.0251
2018,WA00424,0.1462,0.6329,0.2066,0.0144
2018,WA00425,0.2587,0.5957,0.1387,0.007
2018,WA00426,0.2742,0.5875,0.1313,0.0073
2018,WA00427,0.1751,0.6448,0.1622,0.018
2018,WA00428,0.266,0.5979,0.1287,0.0073
2018,WA00429,0.1459,0.7021,0.1449,0.0073
2018,WA00430,0.1606,0.6769,0.1543,0.0079
2018,WA00431,0.1868,0.538,0.2693,0.006
2018,WA00432,0.1702,0.5902,0.2328,0.0067
2018,WA00433,0.1943,0.6389,0.1605,0.0067
2018,WA00434,0.1449,0.6146,0.234,0.0064
2018,WA00435,0.1653,0.6351,0.1933,0.0065
2018,WA00436,0.1435,0.7134,0.1311,0.0124
2018,WA00437,0.1888,0.6025,0.1998,0.009
2018,WA00438,0.2495,0.6193,0.1187,0.0125
2018,WA00439,0.2412,0.6117,0.1399,0.0072
2018,WA00440,0.1853,0.6494,0.1547,0.0103
2018,WA00441,0.1317,0.7016,0.1559,0.0108
2018,WA00177,0.1455,0.6883,0.1595,0.0066
2018,WA00248,0.1126,0.6503,0.2049,0.0322
2018,WA00250,0.2146,0.5974,0.1747,0.0134
2018,WA00251,0.1629,0.5787,0.2424,0.0158
2018,WA00254,0.2074,0.5349,0.2336,0.0241
2018,WA00258,0.1541,0.5906,0.2419,0.0132
2018,WA00259,0.148,0.6003,0.2336,0.0183
2018,WA00275,0.1917,0.5702,0.2209,0.0173
2018,WA00276,0.269,0.5613,0.1577,0.0117
2018,WA00277,0.2011,0.5504,0.2328,0.0156
2018,WA00278,0.1351,0.5868,0.2627,0.0153
2018,WA00282,0.1553,0.5436,0.2734,0.0279
2018,WA00286,0.1535,0.5229,0.3066,0.017
2018,WA00295,0.1846,0.6439,0.1573,0.0143
2018,WA00296,0.1307,0.6828,0.1603,0.0261
2018S,WA00280,0.1481,0.6531,0.1808,0.0182
2018S,WA00281,0.1989,0.4837,0.2992,0.018
2018S,WA00247,0.1813,0.5888,0.2104,0.0191
2018S,WA00248,0.1126,0.6503,0.2049,0.0322
2018S,WA00282,0.1553,0.5436,0.2734,0.0279
2018S,WA00249,0.2096,0.5405,0.2344,0.0154
2018S,WA00283,0.1866,0.5605,0.2356,0.0172
2018S,WA00284,0.2081,0.6249,0.1449,0.0223
2018S,WA00250,0.2146,0.5974,0.1747,0.0134
2018S,WA00277,0.2011,0.5504,0.2328,0.0156
2018S,WA00251,0.1629,0.5787,0.2424,0.0158
2018S,WA00252,0.2319,0.517,0.2383,0.0131
2018S,WA00253,0.1859,0.5973,0.1934,0.0236
2018S,WA00285,0.2447,0.5607,0.1812,0.0134
2018S,WA00278,0.1351,0.5868,0.2627,0.0153
2018S,WA00254,0.2074,0.5349,0.2336,0.0241
2018S,WA00255,0.3322,0.5222,0.1257,0.0199
2018S,WA00256,0.1688,0.6242,0.1914,0.0153
2018S,WA00257,0.1597,0.5592,0.2593,0.0218
2018S,WA00258,0.1541,0.5906,0.2419,0.0132
2018S,WA00259,0.148,0.6003,0.2336,0.0183
2018S,WA00279,0.1685,0.573,0.2324,0.0262
2018S,WA00260,0.1562,0.6051,0.2186,0.0198
2018S,WA00286,0.1535,0.5229,0.3066,0.017
2018S,WA00261,0.1207,0.6,0.258,0.0211
2018S,WA00287,0.2196,0.5996,0.1669,0.0141
2018S,WA00262,0.1437,0.6935,0.1475,0.0154
2018S,WA00263,0.2078,0.6271,0.1434,0.0217
2018S,WA00264,0.1916,0.6252,0.1576,0.0255
2018S,WA00288,0.1772,0.5676,0.2389,0.0163
2018S,WA00289,0.1753,0.5652,0.2368,0.0228
2018S,WA00290,0.1965,0.6075,0.1788,0.017
2018S,WA00291,0.1815,0.5664,0.2382,0.0142
2018S,WA00292,0.1755,0.6714,0.1377,0.0154
2018S,WA00265,0.1534,0.6588,0.1693,0.0186
2018S,WA00266,0.1861,0.5852,0.2149,0.0138
2018S,WA00267,0.1296,0.5917,0.2601,0.0189
2018S,WA00268,0.1568,0.6138,0.1972,0.0322
2018S,WA00293,0.1519,0.5767,0.2496,0.022
2018S,WA00269,0.2879,0.5531,0.131,0.028
2018S,WA00270,0.1788,0.6102,0.19,0.0207
2018S,WA00271,0.2754,0.5379,0.1729,0.014
2018S,WA00272,0.183,0.5678,0.2342,0.015
2018S,WA00273,0.1707,0.5511,0.2499,0.0281
2018S,WA00294,0.2296,0.5969,0.1552,0.0188
2018S,WA00274,0.1933,0.5829,0.2053,0.0185
2018S,WA00275,0.1917,0.5702,0.2209,0.0173
2018S,WA00295,0.1846,0.6439,0.1573,0.0143
2018S,WA00296,0.1307,0.6828,0.1603,0.0261
2018S,WA00297,0.1531,0.5811,0.2412,0.0244
2018S,WA00276,0.269,0.5613,0.1577,0.0117
2018S,WA00298,0.2184,0.6155,0.1358,0.0304
2018S,WA00200,0.1616,0.6505,0.1813,0.0067
2018S,WA00242,0.1595,0.6419,0.1936,0.0051
2019,WA00605,0.1862,0.7156,0.0719,0.0262
2019,WA00606,0.2026,0.5491,0.2201,0.0281
2019,WA00607,0.121,0.6956,0.1655,0.0177
2019,WA00608,0.1297,0.7707,0.0761,0.0235
2019,WA00609,0.166,0.7336,0.0743,0.0258
2019,WA00279,0.1685,0.573,0.2324,0.0262
2019,WA00346,0.1405,0.7144,0.1344,0.0103
2019,WA00396,0.1738,0.6999,0.1167,0.0097
